{
  "urls": [
    "effects.webm",
    "effects.mp3"
  ],
  "sprite": {
    "chicken_cross_road": [
      0,
      3030.204081632653
    ],
    "clean_up_your_room": [
      5000,
      1541.224489795918
    ],
    "he_slimed_me": [
      8000,
      1541.224489795919
    ],
    "im_not_crazy": [
      11000,
      3030.204081632654
    ],
    "in_the_hole": [
      16000,
      1484.6258503401373
    ],
    "kicked_ass": [
      19000,
      3030.204081632654
    ],
    "pick_up_your_feet": [
      24000,
      1541.224489795919
    ],
    "stand_up_straight": [
      27000,
      1541.224489795919
    ],
    "take_it_like_a_man": [
      30000,
      1541.224489795919
    ]
  }
}